Sitelink text,Description line 1,Description line 2,Final URL
"Massagem Relaxante","Alívio do estresse do dia a dia","Sessão individual, sem pressa","https://terezinharamos.com.br/massagem-relaxante/"
"Massagem Terapêutica","Foco nos pontos de dor e tensão","Técnica ajustada à sua queixa","https://terezinharamos.com.br/massagem-terapeutica/"
"Drenagem Linfática","Ajuda a reduzir o inchaço","Toque suave e ritmo constante","https://terezinharamos.com.br/drenagem-linfatica/"
"Drenagem Pós-Operatória","Cuidado na sua recuperação","Com liberação da equipe médica","https://terezinharamos.com.br/drenagem-pos-operatoria/"
"Massagem Modeladora","Ativa a circulação e o contorno","Protocolo combinado com você","https://terezinharamos.com.br/massagem-modeladora/"
"Reflexologia Podal","Pontos reflexos dos pés","Relaxamento e bem-estar geral","https://terezinharamos.com.br/reflexologia-podal/"
"Pedras Quentes","Calor e toque terapêutico","Relaxamento muscular profundo","https://terezinharamos.com.br/massagem-pedras-quentes/"
"Ventosaterapia","Ventosas soltam a musculatura","Alívio de tensão nas costas","https://terezinharamos.com.br/ventosaterapia/"
"Reiki","Terapia complementar de pausa","Equilíbrio físico e emocional","https://terezinharamos.com.br/reiki/"
